metric_type,domain,age_group,risk_level,sex,feedback_text,No,質問項目,age,年齢
KHQ_Q1,,青年期,正常,男性,現在の健康状態が良好であることは素晴らしいことですので、その状態を維持するために、日々の運動や栄養に気を配りながら、何か気になることがあればぜひ相談してください。,,,,
KHQ_Q1,,青年期,正常,女性,あなたの健康状態は良好ですので、この調子で日々の活動を大切にし、健康を維持していきましょう。何か気になることがあれば、ぜひ相談してくださいね。,,,,
KHQ_Q1,,青年期,注意,男性,現在の健康状態について注意が必要ですが、少しずつ改善に向けて取り組むことが大切です。何か気になることがあれば、ぜひ相談してみてください。,,,,
KHQ_Q1,,青年期,注意,女性,現在の健康状態について注意が必要ですが、少しずつ改善を目指すことができます。日常生活での小さな変化や相談を通じて、より良い健康を手に入れましょう。,,,,
KHQ_Q1,,青年期,改善要,男性,現在の健康状態についてのご意見をありがとうございます。少し改善が必要とのことですが、日常生活での小さな工夫や相談を通じて、より良い健康状態を目指していきましょう。,,,,
KHQ_Q1,,青年期,改善要,女性,現在の健康状態についてのご意見、ありがとうございます。少し改善が必要とのことですが、日常生活の中でできる小さな工夫を取り入れることで、より良い健康状態を目指すことができますので、ぜひ周囲の方や専門家に相談してみてください。,,,,
KHQ_Q1,,壮年期,正常,男性,現在の健康状態が正常であることは素晴らしいことですので、その状態を維持するために、日々の運動や栄養に気を配ることをお勧めします。何か気になることがあれば、ぜひご相談ください。,,,,
KHQ_Q1,,壮年期,正常,女性,現在の健康状態が良好であることは素晴らしいことですので、その調子を維持するために、日々の運動や栄養に気を配りながら、何か気になることがあればぜひ相談してください。,,,,
KHQ_Q1,,壮年期,注意,男性,現在の健康状態について注意が必要ですが、少しの改善が期待できます。日常生活での運動や栄養に関する相談を通じて、より良い健康を目指していきましょう。,,,,
KHQ_Q1,,壮年期,注意,女性,現在の健康状態について注意が必要ですが、少しずつ改善に向けた行動を始めることが大切です。何か気になることがあれば、ぜひご相談ください。,,,,
KHQ_Q1,,壮年期,改善要,男性,現在の健康状態についてのご評価、ありがとうございます。改善が必要とされる状況ですが、少しずつ生活習慣を見直すことで健康感を高めることができますので、ぜひ周囲の方や専門家に相談しながら一歩を踏み出してみてください。,,,,
KHQ_Q1,,壮年期,改善要,女性,現在の健康状態についてのご意見、ありがとうございます。改善が必要とされていますので、日常生活での小さな変化や相談を通じて、より良い健康状態を目指していきましょう。,,,,
KHQ_Q1,,前期高齢者,正常,男性,現在の健康状態が良好であることは素晴らしいことですので、その状態を維持するために、日々の運動や栄養に気を配りながら、何か気になることがあればぜひ相談してください。,,,,
KHQ_Q1,,前期高齢者,正常,女性,現在の健康状態が良好であることは素晴らしいことですので、その調子を維持するために、日々の活動や栄養に気を配りながら、何か気になることがあればぜひ相談してください。,,,,
KHQ_Q1,,前期高齢者,注意,男性,現在の健康状態について注意が必要ですが、少しの改善が期待できますので、日常生活での活動や栄養に気を配りながら、ぜひ周囲の方と相談してみてください。あなたの健康を支えるための一歩を踏み出しましょう。,,,,
KHQ_Q1,,前期高齢者,注意,女性,現在の健康状態について注意が必要ですが、少しずつ改善を目指すことができます。日常生活での小さな変化や相談を通じて、より良い健康を維持していきましょう。,,,,
KHQ_Q1,,前期高齢者,改善要,男性,現在の健康状態についてのご意見、ありがとうございます。少し改善が必要とのことですが、日常生活の中での小さな運動や栄養に気を付けることで、健康感を高めることができますので、ぜひご相談ください。,,,,
KHQ_Q1,,前期高齢者,改善要,女性,現在の健康状態についてのご意見、ありがとうございます。少し改善が必要な状況ですが、日常生活の中での小さな変化や相談を通じて、より良い健康を目指していきましょう。,,,,
KHQ_Q1,,後期高齢者,正常,男性,現在の健康状態が良好であることは素晴らしいことですので、その状態を維持するために、日々の活動や栄養に気を配りながら、何か気になることがあればぜひ相談してください。,,,,
KHQ_Q1,,後期高齢者,正常,女性,現在の健康状態が良好であることは素晴らしいことですので、その調子を維持するために、日々の活動や栄養に気を配りながら、何か気になることがあればぜひ相談してください。,,,,
KHQ_Q1,,後期高齢者,注意,男性,現在の健康状態について注意が必要ですが、少しずつ改善を目指すことができます。日常生活での活動や食事について相談してみると、より良い健康を維持する手助けになるでしょう。,,,,
KHQ_Q1,,後期高齢者,注意,女性,現在の健康状態について注意が必要ですが、少しの改善が期待できますので、日常生活での活動や栄養に気を付けてみてください。何か気になることがあれば、ぜひ相談してくださいね。,,,,
KHQ_Q1,,後期高齢者,改善要,男性,現在の健康状態についてのご意見をお聞きし、改善の余地があることが分かりました。ぜひ、日常生活の中で少しずつ体を動かしたり、栄養に気を付けたりすることを考えてみてください。,,,,
KHQ_Q1,,後期高齢者,改善要,女性,現在の健康状態についてのご意見、ありがとうございます。少しでも改善を目指すために、日常生活での活動や栄養について相談してみることをお勧めします。,,,,
KHQ_Q2,,青年期,正常,男性,毎日の生活に満足されているとのこと、素晴らしいですね。この調子で、趣味や交流を大切にしながら、さらなる充実した日々をお過ごしください。,,,,
KHQ_Q2,,青年期,正常,女性,毎日の生活に満足されているとのこと、とても素晴らしいですね。この調子で、趣味や交流の時間を大切にしながら、さらなる充実を目指してみてはいかがでしょうか。,,,,
KHQ_Q2,,青年期,注意,男性,毎日の生活にやや不満を感じているとのことですが、小さな楽しみを見つけたり、友人との交流を増やすことで、気分が改善するかもしれません。もしお困りのことがあれば、ぜひ相談してみてください。,,,,
KHQ_Q2,,青年期,注意,女性,毎日の生活にやや不満を感じているとのことですが、小さな楽しみや交流を増やすことで、気持ちが明るくなるかもしれません。もしお困りのことがあれば、ぜひ周りの方や専門家に相談してみてください。,,,,
KHQ_Q2,,青年期,改善要,男性,毎日の生活に満足していないと感じることは、誰にでもあることですので、少しずつ自分の好きなことや興味を持てる活動を見つけてみると良いでしょう。また、気になることがあれば、ぜひ周りの人や専門家に相談してみてください。,,,,
KHQ_Q2,,青年期,改善要,女性,毎日の生活に満足していないと感じているようですね。小さな楽しみを見つけたり、友人や家族との交流を増やすことで、気持ちが少しずつ明るくなるかもしれません。,,,,
KHQ_Q2,,壮年期,正常,男性,毎日の生活に満足されているとのこと、素晴らしいですね。この調子で、趣味や交流を大切にしながら、さらなる充実感を感じられるようサポートいたしますので、何か気になることがあればお気軽にご相談ください。,,,,
KHQ_Q2,,壮年期,正常,女性,毎日の生活に満足されているとのこと、素晴らしいですね。この調子で、趣味や交流を大切にしながら、さらなる充実感を感じられるような活動を続けていきましょう。,,,,
KHQ_Q2,,壮年期,注意,男性,毎日の生活にやや不満を感じているとのことですが、小さな楽しみや交流を再開することで、気分が明るくなるかもしれません。ぜひ、周囲の方や専門家に相談しながら、一歩ずつ前向きな変化を目指してみてください。,,,,
KHQ_Q2,,壮年期,注意,女性,毎日の生活にやや不満を感じているとのことですが、小さな楽しみや交流を再開することで、気持ちが少しずつ明るくなるかもしれません。もしお困りのことがあれば、ぜひ周りの方や専門家に相談してみてください。,,,,
KHQ_Q2,,壮年期,改善要,男性,毎日の生活に満足していないと感じることがあるかもしれませんが、小さな楽しみや交流を増やすことで、心の健康を向上させることができます。ぜひ、周囲の方や専門家に相談しながら、一歩ずつ前進していきましょう。,,,,
KHQ_Q2,,壮年期,改善要,女性,毎日の生活に満足していないと感じることがあるかもしれませんが、小さな楽しみや交流を増やすことで、心の健康を向上させることができます。ぜひ、周囲の方や専門家に相談してみてください。,,,,
KHQ_Q2,,前期高齢者,正常,男性,毎日の生活に満足されているとのこと、素晴らしいですね。この調子で、趣味や交流を大切にしながら、さらに充実した日々をお過ごしください。,,,,
KHQ_Q2,,前期高齢者,正常,女性,毎日の生活に満足されているとのこと、素晴らしいですね。この調子で、趣味や交流を大切にしながら、さらなる充実感を感じられるように過ごしていきましょう。,,,,
KHQ_Q2,,前期高齢者,注意,男性,毎日の生活にやや不満を感じているとのことですが、小さな楽しみや交流を増やすことで、気持ちが明るくなるかもしれません。もしお困りのことがあれば、ぜひ周りの方や専門家に相談してみてください。,,,,
KHQ_Q2,,前期高齢者,注意,女性,毎日の生活にやや不満を感じているとのことですが、小さな楽しみや交流を再開することで、心の健康を少しずつ改善できるかもしれません。ぜひ、身近な方や専門家に相談しながら、新しい活動を始めてみてください。,,,,
KHQ_Q2,,前期高齢者,改善要,男性,毎日の生活に満足していないと感じているかもしれませんが、小さな楽しみや交流を再開することで、気持ちが明るくなることがあります。ぜひ、周囲の方や専門家に相談してみてください。,,,,
KHQ_Q2,,前期高齢者,改善要,女性,毎日の生活に満足していないと感じているかもしれませんが、小さな楽しみや交流を増やすことで、気持ちが明るくなることがあります。ぜひ、周りの方とお話ししたり、外に出てみることを考えてみてください。,,,,
KHQ_Q2,,後期高齢者,正常,男性,毎日の生活に満足されているとのこと、素晴らしいですね。この調子で、趣味や交流を大切にしながら、さらなる充実した日々をお過ごしください。,,,,
KHQ_Q2,,後期高齢者,正常,女性,毎日の生活に満足されているとのこと、とても素晴らしいですね。この調子で、趣味や交流を大切にしながら、さらなる充実感を感じられるような活動を続けていきましょう。,,,,
KHQ_Q2,,後期高齢者,注意,男性,毎日の生活にやや不満を感じているとのことですが、小さな楽しみや交流を増やすことで、気持ちが明るくなるかもしれません。ぜひ、周りの方とお話しする機会を持ったり、気軽に相談してみてください。,,,,
KHQ_Q2,,後期高齢者,注意,女性,毎日の生活にやや不満を感じているとのことですが、小さな楽しみや交流を増やすことで、より満足感を得られるかもしれません。ぜひ、周囲の方とお話ししたり、気軽に相談してみてください。,,,,
KHQ_Q2,,後期高齢者,改善要,男性,毎日の生活に満足していないと感じることがあるかもしれませんが、小さな楽しみや交流を増やすことで、気持ちが明るくなることがあります。ぜひ、周囲の方とお話ししたり、外に出る機会を増やしてみてください。,,,,
KHQ_Q2,,後期高齢者,改善要,女性,毎日の生活に満足していないと感じているかもしれませんが、小さな楽しみや交流を増やすことで、心の健康を向上させることができます。もしお困りのことがあれば、ぜひ周りの方や専門家に相談してみてください。,,,,
KHQ_Q3,,青年期,正常,男性,1日3食きちんと食べているとのことで、素晴らしい食習慣を維持されていますね。この調子で、引き続き栄養バランスに気を付けながら、何か気になることがあればいつでもご相談ください。,,,,
KHQ_Q3,,青年期,正常,女性,1日3食きちんと食べているとのこと、素晴らしい習慣ですね。この調子で健康を維持し、何か気になることがあればいつでも相談してください。,,,,
KHQ_Q3,,青年期,注意,男性,1日3食きちんと食べることは、健康を維持するために大切ですので、ぜひ食事の内容やバランスにも気を配ってみてください。もし何かお困りのことがあれば、気軽に相談してくださいね。,,,,
KHQ_Q3,,青年期,注意,女性,1日3食きちんと食べることは、健康を維持するためにとても大切ですので、ぜひ食事の内容や時間を見直してみてください。もし何かお困りのことがあれば、気軽に相談してくださいね。,,,,
KHQ_Q3,,青年期,改善要,男性,1日3食の食事がきちんと取れていないとのことですが、栄養をしっかり摂ることは健康維持にとても大切です。少しずつでも食事の回数や内容を見直してみると良いかもしれませんので、何かお困りのことがあればぜひ相談してください。,,,,
KHQ_Q3,,青年期,改善要,女性,食事の規則性が大切ですので、ぜひ1日3食を意識してみてください。もし何かお困りのことがあれば、気軽に相談してくださいね。,,,,
KHQ_Q3,,壮年期,正常,男性,1日3食きちんと食べているとのことで、素晴らしい食習慣を維持されていますね。この調子で、体重や口腔機能にも気を配りながら、健康をサポートしていきましょう。,,,,
KHQ_Q3,,壮年期,正常,女性,1日3食きちんと食べているとのこと、素晴らしい習慣を維持されていますね。この調子で、引き続き栄養バランスに気を付けながら、何か気になることがあればお気軽に相談してください。,,,,
KHQ_Q3,,壮年期,注意,男性,1日3食きちんと食べることは、健康を維持するために大切ですので、食事の内容や摂取量を見直してみるのも良いかもしれません。もしお困りのことがあれば、ぜひ相談してみてください。,,,,
KHQ_Q3,,壮年期,注意,女性,日々の食事を大切にすることは、健康を維持するためにとても重要ですので、もし食事に関して不安やお困りのことがあれば、ぜひ周囲の方や専門家に相談してみてください。あなたの健康を支えるための一歩を、一緒に考えていきましょう。,,,,
KHQ_Q3,,壮年期,改善要,男性,1日3食の食事がきちんとできていないとのことですが、栄養バランスを見直す良い機会です。共に食事を楽しむことや、相談できる専門家を利用することで、健康的な食習慣を築いていきましょう。,,,,
KHQ_Q3,,壮年期,改善要,女性,毎日3食きちんと食べることは、健康維持にとても大切です。もし食事に不安があるようでしたら、ぜひ周りの方や専門家に相談してみてください。,,,,
KHQ_Q3,,前期高齢者,正常,男性,1日3食きちんと食べているとのことで、素晴らしい食習慣を維持されていますね。この調子で、体重や口腔の健康にも気を配りながら、さらに充実した食生活を楽しんでください。,,,,
KHQ_Q3,,前期高齢者,正常,女性,1日3食きちんと食べているとのこと、素晴らしい習慣ですね。この調子で健康を維持し、何か気になることがあればぜひご相談ください。,,,,
KHQ_Q3,,前期高齢者,注意,男性,1日3食きちんと食べることは、健康維持にとても大切ですので、ぜひ食事の内容や時間を見直してみてください。もし何かお困りのことがあれば、気軽に相談してくださいね。,,,,
KHQ_Q3,,前期高齢者,注意,女性,1日3食きちんと食べることは、健康を維持するためにとても大切ですので、もし何かお困りのことがあれば、ぜひ周囲の方や専門家に相談してみてください。あなたの食事習慣を見直すことで、より良い生活を送る一歩を踏み出せるかもしれません。,,,,
KHQ_Q3,,前期高齢者,改善要,男性,1日3食の食事がきちんとできていないとのことですが、少しずつでも食事の回数を増やすことから始めてみましょう。栄養についての相談が必要でしたら、いつでもお話しできる場所がありますので、気軽にご利用ください。,,,,
KHQ_Q3,,前期高齢者,改善要,女性,食事の習慣を見直すことで、より健康的な生活を送ることができますので、ぜひ共に食事を楽しむ機会を増やしてみてください。何かお困りのことがあれば、気軽に相談してくださいね。,,,,
KHQ_Q3,,後期高齢者,正常,男性,1日3食きちんと食べているとのこと、素晴らしい習慣ですね。この調子で健康を維持し、何か気になることがあればいつでもご相談ください。,,,,
KHQ_Q3,,後期高齢者,正常,女性,1日3食きちんと食べているとのことで、素晴らしい食習慣を維持されていますね。この調子で、引き続き栄養バランスに気を付けながら、何か気になることがあればぜひご相談ください。,,,,
KHQ_Q3,,後期高齢者,注意,男性,1日3食きちんと食べることは、健康を維持するためにとても大切ですので、ぜひ食事の内容や時間を見直してみてください。もし何かお困りのことがあれば、いつでも相談してくださいね。,,,,
KHQ_Q3,,後期高齢者,注意,女性,1日3食きちんと食べることは、健康維持にとても大切ですので、もし何かお困りのことがあれば、ぜひご相談ください。少しずつでも食事の内容を見直していくことで、より良い栄養状態を目指しましょう。,,,,
KHQ_Q3,,後期高齢者,改善要,男性,1日3食の食事がきちんと取れていないとのことですが、栄養をしっかり摂ることは健康維持にとても大切です。ぜひ、食事の内容や回数を見直してみて、何かお困りのことがあればお気軽に相談してください。,,,,
KHQ_Q3,,後期高齢者,改善要,女性,1日3食の食事がきちんとできていないようですので、ぜひ食事の内容や時間を見直してみてください。もしお困りのことがあれば、気軽に相談してみることをお勧めします。,,,,
KHQ_Q4,,青年期,正常,男性,半年前と比べて固いものが食べにくくなっていないとのこと、咀嚼機能が維持されていることを嬉しく思います。今後も健康的な食生活を続けるために、定期的な歯科チェックを検討されると良いでしょう。,,,,
KHQ_Q4,,青年期,正常,女性,半年前と比べて固いものが食べにくくないとのこと、咀嚼機能がしっかり維持されていますね。この調子で、定期的に口腔の健康をチェックし、楽しい食事を続けていきましょう。,,,,
KHQ_Q4,,青年期,注意,男性,固いものが食べにくくなったと感じることは、咀嚼力の低下を示すサインかもしれません。今後の食事内容を見直したり、専門家に相談することで、より快適な食生活をサポートできますので、ぜひ一歩踏み出してみてください。,,,,
KHQ_Q4,,青年期,注意,女性,固いものが食べにくくなったと感じることは、咀嚼力の変化を示すサインですので、ぜひ一度相談してみてください。食事内容を見直すことで、より快適に食事を楽しむことができるかもしれません。,,,,
KHQ_Q4,,青年期,改善要,男性,固いものが食べにくくなったとのことですが、これは咀嚼機能の改善が必要なサインかもしれません。ぜひ、食事内容を見直したり、専門家に相談してみることをお勧めします。,,,,
KHQ_Q4,,青年期,改善要,女性,固いものが食べにくくなったとのこと、少し気になる点ですね。今後のために、口腔機能を維持するための相談をしてみるのも良いかもしれません。,,,,
KHQ_Q4,,壮年期,正常,男性,咀嚼力が正常であることは素晴らしいことですので、今後もその状態を維持できるよう、定期的な歯科チェックをお勧めします。もし何か気になることがあれば、ぜひご相談ください。,,,,
KHQ_Q4,,壮年期,正常,女性,半年前と比べて固いものが食べにくくないとのこと、素晴らしい維持状態です。この調子で、定期的な歯科チェックを続けながら、健康的な食生活を楽しんでください。,,,,
KHQ_Q4,,壮年期,注意,男性,固いものが食べにくくなったと感じているとのこと、少しずつ食事内容を見直すことで、咀嚼力を維持する手助けができるかもしれません。必要であれば、専門家に相談してみるのも良いでしょう。,,,,
KHQ_Q4,,壮年期,注意,女性,固いものが食べにくくなったと感じているとのこと、少しずつ食事内容を見直すことが大切です。もしご心配な点があれば、ぜひ専門家に相談してみてください。,,,,
KHQ_Q4,,壮年期,改善要,男性,固いものが食べにくくなったとのこと、少しずつ食事内容を見直すことが大切です。ぜひ、専門家に相談しながら、咀嚼力を保つための工夫をしていきましょう。,,,,
KHQ_Q4,,壮年期,改善要,女性,固いものが食べにくくなったとのこと、少しずつ改善に向けて取り組むことが大切です。口腔機能を保つために、ぜひ専門家に相談してみてください。,,,,
KHQ_Q4,,前期高齢者,正常,男性,咀嚼機能が正常であることは素晴らしいことですので、今後もその状態を維持するために、定期的な歯科チェックをお勧めします。食事を楽しむための工夫を続けていきましょう。,,,,
KHQ_Q4,,前期高齢者,正常,女性,咀嚼機能が正常であることは素晴らしいことですので、今後もその状態を維持できるよう、定期的な歯科チェックをお勧めします。もし何か気になることがあれば、ぜひご相談ください。,,,,
KHQ_Q4,,前期高齢者,注意,男性,固いものが食べにくくなったと感じることは、加齢に伴う自然な変化の一つです。今後の食事内容や口腔ケアについて相談し、健康的な食生活を維持していきましょう。,,,,
KHQ_Q4,,前期高齢者,注意,女性,固いものが食べにくくなったと感じられるのは、咀嚼力の変化を示していますので、ぜひ食事内容を見直したり、専門家に相談してみてください。少しずつ工夫を重ねることで、より快適な食生活を楽しむことができるでしょう。,,,,
KHQ_Q4,,前期高齢者,改善要,男性,固いものが食べにくくなったと感じているとのこと、少しずつ改善を目指していきましょう。食事内容の見直しや、専門家への相談が役立つかもしれませんので、ぜひご検討ください。,,,,
KHQ_Q4,,前期高齢者,改善要,女性,固いものが食べにくくなったと感じているとのことですが、これは咀嚼力の低下を示すサインかもしれません。ぜひ、食事内容を見直したり、専門家に相談してみることで、より快適な食生活を目指していきましょう。,,,,
KHQ_Q4,,後期高齢者,正常,男性,咀嚼機能が正常であることは素晴らしいことですので、今後もその状態を維持できるよう、定期的な歯科チェックやバランスの取れた食事を心がけてください。何か気になることがあれば、ぜひ相談してください。,,,,
KHQ_Q4,,後期高齢者,正常,女性,咀嚼機能が正常であることは素晴らしいことですので、今後もその状態を維持できるよう、定期的に歯科の相談をされることをお勧めします。引き続き、バランスの取れた食事を楽しんでください。,,,,
KHQ_Q4,,後期高齢者,注意,男性,固いものが食べにくくなったと感じられるとのこと、少しずつ食事内容を見直すことが大切です。必要であれば、専門家に相談し、咀嚼力を維持するためのアドバイスを受けることをお勧めします。,,,,
KHQ_Q4,,後期高齢者,注意,女性,固いものが食べにくくなったと感じることは、加齢に伴う自然な変化の一つです。今後の食事内容や口腔ケアについて、ぜひご相談ください。,,,,
KHQ_Q4,,後期高齢者,改善要,男性,固いものが食べにくくなったとのこと、少しずつ食事内容を見直してみることをお勧めします。必要に応じて、専門家に相談しながら、咀嚼力を維持するための工夫をしていきましょう。,,,,
KHQ_Q4,,後期高齢者,改善要,女性,固いものが食べにくくなったとのこと、少しずつ改善を目指していきましょう。食事の内容や咀嚼について気になることがあれば、ぜひご相談ください。,,,,
KHQ_Q5,,青年期,正常,男性,むせることがないとのことで、素晴らしい状態を維持されていますね。今後も水分補給や食事の際には注意を払いながら、健康を保つための相談もお気軽に行ってください。,,,,
KHQ_Q5,,青年期,正常,女性,むせることがないとのことで、素晴らしい状態を維持されていますね。今後も水分摂取時はリラックスしてお楽しみいただき、何か気になることがあればお気軽にご相談ください。,,,,
KHQ_Q5,,青年期,注意,男性,お茶や汁物でむせることがあるとのこと、少し注意が必要です。日常生活での食事の工夫や、気になることがあればぜひ相談してみてください。,,,,
KHQ_Q5,,青年期,注意,女性,お茶や汁物でむせることがあるとのこと、少し注意が必要です。日常生活での食事の工夫や、気になることがあればぜひ相談してみてください。,,,,
KHQ_Q5,,青年期,改善要,男性,お茶や汁物でむせることがあるとのこと、少し気を付けてみると良いかもしれません。食事の際の姿勢や一口の量を工夫することで、より安心して食事を楽しむことができますので、ぜひご相談ください。,,,,
KHQ_Q5,,青年期,改善要,女性,お茶や汁物でむせることがあるとのこと、少し気になる点ですね。日常生活での工夫や、専門家への相談を通じて、より安心して食事を楽しめるようにサポートを受けることをお勧めします。,,,,
KHQ_Q5,,壮年期,正常,男性,むせることがないとのことで、素晴らしい状態を維持されていますね。今後も水分補給や食事の際にはリラックスして楽しむことを心がけ、何か気になることがあればお気軽にご相談ください。,,,,
KHQ_Q5,,壮年期,正常,女性,むせることがないとのことで、素晴らしい状態を維持されていますね。今後も疲れた時や水分を摂る際には注意を払いながら、健康を大切にしてください。,,,,
KHQ_Q5,,壮年期,注意,男性,お茶や汁物でむせることがあるとのこと、注意が必要ですが、少しずつ改善を目指すことができます。食事の際は姿勢に気を付けたり、一口量を調整することを意識してみてくださいね。,,,,
KHQ_Q5,,壮年期,注意,女性,お茶や汁物でむせることがあるとのこと、注意が必要ですが、日常生活での工夫を取り入れることで改善が期待できます。食事の際は、姿勢に気を付けたり、一口の量を調整したりすることを意識してみてくださいね。,,,,
KHQ_Q5,,壮年期,改善要,男性,お茶や汁物でむせることがあるとのこと、少し気を付けることで改善が期待できます。食事の際は姿勢を正し、一口量を少なめにすることを心がけてみてください。,,,,
KHQ_Q5,,壮年期,改善要,女性,お茶や汁物でむせることがあるとのこと、少し気になる点ですね。日常生活での工夫や、専門家への相談を通じて、より安心して食事を楽しめるようにサポートを受けてみてください。,,,,
KHQ_Q5,,前期高齢者,正常,男性,むせることがないとのことで、素晴らしい状態を維持されていますね。今後も水分補給や食事の際には、ゆっくりと楽しむことを心がけてください。,,,,
KHQ_Q5,,前期高齢者,正常,女性,お茶や汁物でむせることがないとのことで、素晴らしい状態を維持されていますね。今後も安心して食事を楽しむために、疲れた時や水分を摂る際には少し注意を払い、定期的にご自身の状態をチェックしてみてください。,,,,
KHQ_Q5,,前期高齢者,注意,男性,お茶や汁物でむせることがあるとのこと、注意が必要ですが、日常生活での工夫を取り入れることで改善が期待できます。食事の際は、姿勢に気を付けたり、一口量を少なめにすることを意識してみてくださいね。,,,,
KHQ_Q5,,前期高齢者,注意,女性,お茶や汁物でむせることがあるとのこと、少し注意が必要ですね。日常生活での食事の工夫や、必要に応じて専門家に相談することで、より安心して食事を楽しむことができるでしょう。,,,,
KHQ_Q5,,前期高齢者,改善要,男性,お茶や汁物でむせることがあるとのこと、少し気を付けることで改善が期待できます。食事の際は姿勢を正し、一口量を少なめにすることを心がけてみてくださいね。,,,,
KHQ_Q5,,前期高齢者,改善要,女性,お茶や汁物でむせることがあるとのこと、まずはそのことに気づかれたことが大切です。今後は、食事の際に姿勢や一口量に気を付けることを心がけてみてください。,,,,
KHQ_Q5,,後期高齢者,正常,男性,むせることがないとのことで、素晴らしい状態を維持されていますね。引き続き、疲れた時や水分を摂る際には注意を払い、定期的にご自身の状態を確認することをお勧めします。,,,,
KHQ_Q5,,後期高齢者,正常,女性,お茶や汁物でむせることがないとのことで、素晴らしい状態を維持されていますね。今後も安心して食事を楽しむために、疲れた時や水分を摂る際には少し気を付けてみてください。,,,,
KHQ_Q5,,後期高齢者,注意,男性,お茶や汁物でむせることがあるとのこと、注意が必要ですが、日常生活での工夫を取り入れることで改善が期待できます。食事の際は、姿勢に気を付けたり、一口量を少しずつにすることを試してみてください。,,,,
KHQ_Q5,,後期高齢者,注意,女性,お茶や汁物でむせることがあるとのこと、少し注意が必要です。日常生活での食事の工夫や、必要に応じて専門家に相談することで、より安全に楽しむことができますので、ぜひ取り入れてみてください。,,,,
KHQ_Q5,,後期高齢者,改善要,男性,お茶や汁物でむせることがあるとのこと、まずはその状態を把握できたことを大切にしましょう。日常生活での工夫や専門家への相談を通じて、より安全に食事を楽しむ方法を見つけていきましょう。,,,,
KHQ_Q5,,後期高齢者,改善要,女性,お茶や汁物でむせることがあるとのこと、少し気になる点ですね。安全に食事を楽しむために、専門家に相談し、具体的なアドバイスを受けることをお勧めします。,,,,
KHQ_Q6,,青年期,正常,男性,体重の変化がなく、良好な状態を維持されていることをお喜び申し上げます。この調子で、定期的な体重測定や食事・運動の継続を心がけて、健康を保っていきましょう。,,,,
KHQ_Q6,,青年期,正常,女性,体重の変化が見られないことは素晴らしいことですので、今後も健康的な食事や運動を続けて、体調を維持していきましょう。何か気になることがあれば、いつでも相談してください。,,,,
KHQ_Q6,,青年期,注意,男性,体重が減少していることに注意が必要ですので、食事や生活習慣について一度相談してみることをお勧めします。小さな改善から始めることで、健康を維持する手助けになります。,,,,
KHQ_Q6,,青年期,注意,女性,体重の減少が見られたとのことですが、まずは日々の食事や生活習慣を見直してみることをお勧めします。気になる点があれば、ぜひ専門家に相談してみてください。,,,,
KHQ_Q6,,青年期,改善要,男性,体重が減少していることは、栄養状態や健康に影響を与える可能性がありますので、食事内容や生活習慣について一度相談してみることをお勧めします。少しずつ改善に向けて取り組んでいきましょう。,,,,
KHQ_Q6,,青年期,改善要,女性,最近の体重減少が見られたとのことですが、栄養状態や生活習慣について一緒に考えていきましょう。必要に応じて専門家に相談することで、より健康的な生活をサポートできますので、安心して取り組んでください。,,,,
KHQ_Q6,,壮年期,正常,男性,体重の変化がなく、健康状態が維持されていることは素晴らしいことです。この調子で、定期的に体重や筋力をチェックし、日々の食事や運動を続けていきましょう。,,,,
KHQ_Q6,,壮年期,正常,女性,体重の変化がなく、健康な状態を維持されていることをお喜び申し上げます。今後も定期的に体重や筋力をチェックし、食事や運動を続けていくことで、さらなる健康維持に努めていきましょう。,,,,
KHQ_Q6,,壮年期,注意,男性,体重が減少していることに注意が必要ですので、食事内容や生活習慣について見直してみることをお勧めします。何か気になることがあれば、ぜひご相談ください。,,,,
KHQ_Q6,,壮年期,注意,女性,体重の減少が見られたとのことですが、栄養状態や生活習慣について見直す良い機会です。ぜひ、食事や運動について相談し、健康を維持するための一歩を踏み出してみてください。,,,,
KHQ_Q6,,壮年期,改善要,男性,最近の体重減少が見られたとのことですが、栄養状態や生活習慣について見直す良い機会です。ぜひ、食事内容や運動について相談してみてください。,,,,
KHQ_Q6,,壮年期,改善要,女性,体重が減少しているとのことですが、栄養状態や生活習慣を見直す良い機会です。ぜひ、専門家に相談しながら、食事や運動を工夫して健康を維持していきましょう。,,,,
KHQ_Q6,,前期高齢者,正常,男性,体重の変化が見られないことは素晴らしいことですので、今後もその状態を維持できるよう、食事や運動を続けていきましょう。何か気になることがあれば、いつでもご相談ください。,,,,
KHQ_Q6,,前期高齢者,正常,女性,体重の変化がないことは素晴らしいことですので、今後もその状態を維持できるよう、食事や運動を続けていきましょう。何か気になることがあれば、いつでもご相談ください。,,,,
KHQ_Q6,,前期高齢者,注意,男性,体重が減少していることに注意が必要ですが、日々の食事や運動を見直す良い機会です。何か気になることがあれば、ぜひご相談ください。,,,,
KHQ_Q6,,前期高齢者,注意,女性,体重の減少が見られたとのことですが、栄養状態や生活習慣について一緒に考えていきましょう。何か気になることがあれば、ぜひご相談ください。,,,,
KHQ_Q6,,前期高齢者,改善要,男性,体重が減少していることは、栄養状態や健康に影響を与える可能性がありますので、食事内容や生活習慣について一度相談してみることをお勧めします。少しずつ改善に向けて取り組むことで、より健康的な生活を送ることができるでしょう。,,,,
KHQ_Q6,,前期高齢者,改善要,女性,体重が減少していることは、栄養状態や健康に影響を与える可能性がありますので、食事内容や生活習慣について一度相談してみることをお勧めします。少しずつ改善を目指して、一緒に取り組んでいきましょう。,,,,
KHQ_Q6,,後期高齢者,正常,男性,体重の変化がなく、良好な状態を維持されていることをお喜び申し上げます。この調子で、定期的に体重や筋力をチェックし、健康的な食事や運動を続けていきましょう。,,,,
KHQ_Q6,,後期高齢者,正常,女性,体重の変化がなく、良好な状態を維持されていることをお喜び申し上げます。この調子で、定期的な体重測定や食事・運動の継続を心がけて、健康を大切にしてください。,,,,
KHQ_Q6,,後期高齢者,注意,男性,体重が減少していることに注意が必要ですが、日々の食事や運動を見直す良い機会です。何か気になることがあれば、ぜひご相談ください。,,,,
KHQ_Q6,,後期高齢者,注意,女性,最近の体重減少が見られたとのことですが、栄養状態や生活習慣について一緒に考えていきましょう。何か気になることがあれば、ぜひご相談ください。,,,,
KHQ_Q6,,後期高齢者,改善要,男性,最近の体重減少が気になるようですね。栄養状態を見直す良い機会ですので、食事や生活習慣についてぜひご相談ください。,,,,
KHQ_Q6,,後期高齢者,改善要,女性,体重が減少しているとのことですが、栄養状態や生活習慣について見直す良い機会です。ぜひ、食事内容や運動について相談してみてください。,,,,
KHQ_Q7,,青年期,正常,男性,歩く速度が正常であることは素晴らしいことですので、ぜひこの調子で日常的な運動を続けて、健康を維持していきましょう。もし何か気になることがあれば、いつでも相談してください。,,,,
KHQ_Q7,,青年期,正常,女性,歩く速度が正常であることは素晴らしいことですので、ぜひこの調子で日常の歩行や簡単な筋トレを続けて、健康を維持していきましょう。もし何か気になることがあれば、いつでも相談してください。,,,,
KHQ_Q7,,青年期,注意,男性,歩く速度が遅くなっていると感じることは、身体の変化の一つですので、無理をせず日常的に軽い運動を取り入れてみると良いでしょう。もし不安なことがあれば、ぜひ相談してください。,,,,
KHQ_Q7,,青年期,注意,女性,歩く速度が遅くなっていると感じることは、身体の変化の一つですので、無理をせずに日常的な運動を取り入れてみると良いでしょう。もし気になることがあれば、ぜひ相談してみてください。,,,,
KHQ_Q7,,青年期,改善要,男性,歩く速度が遅くなっていると感じられるとのことですが、日常生活での運動を少しずつ取り入れることで、改善が期待できます。もしお困りのことがあれば、ぜひご相談ください。,,,,
KHQ_Q7,,青年期,改善要,女性,歩く速度が遅くなっていると感じることは、身体の変化の一つですので、少しずつ筋力やバランスを意識した運動を取り入れてみると良いでしょう。もし不安なことがあれば、ぜひ相談してくださいね。,,,,
KHQ_Q7,,壮年期,正常,男性,歩く速度が正常であることをお知らせできて嬉しく思います。今後も日常的に歩くことや簡単な筋力トレーニングを続け、健康を維持していきましょう。,,,,
KHQ_Q7,,壮年期,正常,女性,現在の歩行速度が正常であることは素晴らしいことですので、日常的に歩くことや軽い筋力トレーニングを続けて、健康を維持していきましょう。もし何か気になることがあれば、いつでもご相談ください。,,,,
KHQ_Q7,,壮年期,注意,男性,歩く速度が遅くなってきたと感じられるとのことですが、日常生活での運動を少しずつ取り入れることで、身体機能の維持が期待できます。もし気になることがあれば、ぜひ相談してみてください。,,,,
KHQ_Q7,,壮年期,注意,女性,歩く速度が以前より遅くなっていると感じられるとのこと、日常生活での動きに少し工夫を加えることで、より快適に過ごせるかもしれません。もしご不安な点があれば、ぜひご相談ください。,,,,
KHQ_Q7,,壮年期,改善要,男性,歩く速度が遅くなっていると感じられるとのことですが、日常生活での運動を少しずつ取り入れることで、改善が期待できます。もしご不安な点があれば、ぜひご相談ください。,,,,
KHQ_Q7,,壮年期,改善要,女性,歩く速度が遅くなっていると感じられるとのことですが、日常生活において少しずつ体を動かすことを心がけてみてください。もし不安や痛みがある場合は、ぜひご相談ください。,,,,
KHQ_Q7,,前期高齢者,正常,男性,歩く速度が正常であることは素晴らしいことですので、今後も日常的に歩くことや簡単な筋力トレーニングを続けて、健康を維持していきましょう。もし何か気になることがあれば、いつでも相談してください。,,,,
KHQ_Q7,,前期高齢者,正常,女性,現在の歩行速度が正常であることをお伝えできて嬉しく思います。引き続き日常的な運動を楽しみながら、無理のない範囲で体を動かしていきましょう。,,,,
KHQ_Q7,,前期高齢者,注意,男性,歩く速度が遅くなっていると感じられるとのことですが、日常生活での運動や簡単な体操を取り入れることで、少しずつ改善が期待できます。もし気になることがあれば、ぜひご相談ください。,,,,
KHQ_Q7,,前期高齢者,注意,女性,歩く速度が遅くなってきたと感じられるとのことですが、日常生活での運動を少しずつ取り入れることで、体力の維持や向上が期待できます。もし不安や痛みを感じることがあれば、ぜひご相談ください。,,,,
KHQ_Q7,,前期高齢者,改善要,男性,歩く速度が遅くなっていると感じているとのことですが、日常的に軽い運動やストレッチを取り入れることで、筋力やバランスを向上させることができます。もしお困りのことがあれば、ぜひご相談ください。,,,,
KHQ_Q7,,前期高齢者,改善要,女性,歩く速度が遅くなっていると感じているとのことですが、日常生活での運動を少しずつ取り入れることで、身体機能の改善が期待できます。もしお困りのことがあれば、ぜひご相談ください。,,,,
KHQ_Q7,,後期高齢者,正常,男性,歩く速度が正常であることは素晴らしいことですので、日常的に歩くことや軽い筋トレを続けて、健康を維持していきましょう。もし何か気になることがあれば、いつでも相談してください。,,,,
KHQ_Q7,,後期高齢者,正常,女性,歩く速度が正常であることは素晴らしいことですので、今後も日常的な歩行や軽い体操を続けて、健康を維持していきましょう。もし何か気になることがあれば、いつでもご相談ください。,,,,
KHQ_Q7,,後期高齢者,注意,男性,歩く速度が遅くなっていると感じることは、身体の変化の一つですので、無理をせずに日常的な運動を続けることが大切です。もし気になることがあれば、ぜひ相談してみてください。,,,,
KHQ_Q7,,後期高齢者,注意,女性,歩く速度が遅くなってきたと感じることは、少し注意が必要ですが、日常生活での運動や体操を続けることで改善が期待できます。もしお困りのことがあれば、ぜひご相談ください。,,,,
KHQ_Q7,,後期高齢者,改善要,男性,歩く速度が遅くなってきたと感じられるとのことですが、日常生活での運動を少しずつ取り入れることで、身体機能の改善が期待できます。もしお困りのことがあれば、ぜひご相談ください。,,,,
KHQ_Q7,,後期高齢者,改善要,女性,歩く速度が遅くなっていると感じられるとのことですが、日常的に軽い運動やストレッチを取り入れることで、少しずつ改善が期待できます。もしお体に不安がある場合は、ぜひご相談ください。,,,,
KHQ_Q8,,青年期,正常,男性,転倒歴がないとのことで、素晴らしいですね。この調子で、転倒予防のための行動を続けていきましょう。,,,,
KHQ_Q8,,青年期,正常,女性,転倒歴がないことは素晴らしいことですので、今後も安全な環境を維持し、転倒予防のための行動を続けていきましょう。何か気になることがあれば、いつでもご相談ください。,,,,
KHQ_Q8,,青年期,注意,男性,転倒歴があるとのこと、まずはそのことを認識されているのは大切な一歩です。今後は住環境や日常の行動を見直し、転倒予防に取り組むことで、より安心して過ごせるようになるでしょうので、何か気になることがあればぜひご相談ください。,,,,
KHQ_Q8,,青年期,注意,女性,過去1年間に転倒されたとのこと、注意が必要ですので、住環境や履物の見直しを行い、転倒予防に努めていきましょう。何か不安なことがあれば、ぜひご相談ください。,,,,
KHQ_Q8,,青年期,改善要,男性,転倒歴があるとのことですので、今後の予防策として、住環境の見直しや運動習慣の導入を検討してみてはいかがでしょうか。何か不安なことがあれば、ぜひご相談ください。,,,,
KHQ_Q8,,青年期,改善要,女性,過去1年間に転倒されたとのこと、まずはそのことを認識されているのは大切な第一歩です。転倒を防ぐために、住環境や日常の動作を見直すことをお勧めしますので、何か気になることがあればぜひご相談ください。,,,,
KHQ_Q8,,壮年期,正常,男性,転倒歴がないとのことで、素晴らしいですね。この調子で転倒予防に努め、定期的に環境を見直すことをお勧めします。,,,,
KHQ_Q8,,壮年期,正常,女性,転倒歴がないとのことで、素晴らしいですね。この調子で、転倒予防のための環境整備や運動を続けていきましょう。,,,,
KHQ_Q8,,壮年期,注意,男性,転倒歴があるとのことですが、日常生活での安全対策を見直す良い機会です。環境や履物の点検を行い、必要に応じて専門家に相談してみることをお勧めします。,,,,
KHQ_Q8,,壮年期,注意,女性,転倒歴があるとのことですが、日常生活での転倒予防を意識することが大切です。環境を整えたり、運動を取り入れることで、さらに安全に過ごせるようになりますので、ぜひご相談ください。,,,,
KHQ_Q8,,壮年期,改善要,男性,転倒歴があるとのことですので、住環境や日常の動作を見直すことが大切です。ぜひ、周囲の方や専門家に相談しながら、転倒予防に取り組んでいきましょう。,,,,
KHQ_Q8,,壮年期,改善要,女性,転倒歴があるとのことですが、日常生活の中での安全対策を見直す良い機会です。環境や履物の点検を行い、必要であれば専門家に相談してみることをお勧めします。,,,,
KHQ_Q8,,前期高齢者,正常,男性,転倒歴がないとのこと、素晴らしいですね。この調子で、転倒予防のための環境整備や運動を続けていきましょう。,,,,
KHQ_Q8,,前期高齢者,正常,女性,転倒歴がないとのことで、素晴らしいですね。この調子で、転倒予防のための環境整備や運動を続けていきましょう。,,,,
KHQ_Q8,,前期高齢者,注意,男性,転倒歴があるとのことですが、日常生活での安全対策を見直す良い機会です。環境や履物の点検を行い、必要であれば専門家に相談してみてください。,,,,
KHQ_Q8,,前期高齢者,注意,女性,転倒歴があるとのことですが、日常生活での安全対策を見直す良い機会です。環境や履物の点検を行い、必要であれば相談してみることをお勧めします。,,,,
KHQ_Q8,,前期高齢者,改善要,男性,過去1年間に転倒されたとのこと、まずはそのことに気づかれたことが大切です。今後は住環境の見直しや運動を通じて、転倒予防に取り組むことをお勧めしますので、何か気になることがあればぜひご相談ください。,,,,
KHQ_Q8,,前期高齢者,改善要,女性,転倒の経験があるとのこと、まずはそのことに気づかれたことを大切にしましょう。今後は、住環境の見直しや運動を通じて、より安全な生活を目指していくことが大切ですので、何か気になることがあればぜひご相談ください。,,,,
KHQ_Q8,,後期高齢者,正常,男性,転倒歴がないとのことで、素晴らしいですね。この調子で、転倒予防のための環境整備や運動を続けていきましょう。,,,,
KHQ_Q8,,後期高齢者,正常,女性,転倒歴がないとのことで、素晴らしいですね。この調子で、転倒予防のための環境整備や運動を続けていきましょう。,,,,
KHQ_Q8,,後期高齢者,注意,男性,転倒歴があるとのことですが、日常生活の中で転倒を防ぐための環境整備や運動を続けることが大切ですので、ぜひご相談ください。あなたの安全を守るための一歩を一緒に考えていきましょう。,,,,
KHQ_Q8,,後期高齢者,注意,女性,転倒歴があるとのことですが、日常生活の中での転倒予防に取り組むことが大切ですので、環境や履物の見直しを行い、何か気になることがあればぜひご相談ください。あなたの安全な生活をサポートするために、少しずつ改善を進めていきましょう。,,,,
KHQ_Q8,,後期高齢者,改善要,男性,転倒歴があるとのことですが、環境や身体機能を見直すことで、さらなる安全を確保できますので、ぜひご相談ください。日常生活での小さな工夫が大きな安心につながります。,,,,
KHQ_Q8,,後期高齢者,改善要,女性,転倒歴があるとのことですので、住環境や履物の見直しを行い、転倒予防に努めることが大切です。何か不安なことがあれば、ぜひご相談ください。,,,,
KHQ_Q9,,青年期,正常,男性,定期的に運動を行っていることは素晴らしいことですので、この調子で続けていきましょう。さらに運動の頻度や内容を見直すことで、より健康的な生活をサポートできますので、何か気になることがあればお気軽にご相談ください。,,,,
KHQ_Q9,,青年期,正常,女性,定期的に運動を行っていることは素晴らしいことですので、その習慣を維持しながら、さらに運動の頻度や内容を少しずつ増やしてみると、より健康的な生活を送ることができるでしょう。もし何か気になることがあれば、ぜひ相談してくださいね。,,,,
KHQ_Q9,,青年期,注意,男性,運動を週に1回以上行うことは、健康維持にとても重要ですので、ぜひ少しずつでも運動を取り入れてみてください。もし不安や疑問があれば、いつでも相談してくださいね。,,,,
KHQ_Q9,,青年期,注意,女性,運動を週に1回以上行うことができると、健康維持に大きく貢献しますので、ぜひ少しずつでも運動を取り入れてみてください。もし不安な点があれば、いつでもご相談ください。,,,,
KHQ_Q9,,青年期,改善要,男性,運動を週に1回以上行うことができると、健康維持に大いに役立ちますので、ぜひ少しずつでも身体を動かす時間を増やしてみてください。もし何か不安なことがあれば、いつでもご相談ください。,,,,
KHQ_Q9,,青年期,改善要,女性,運動を週に1回以上行うことができると、心身の健康をさらに向上させることができますので、ぜひ短時間からでも始めてみてください。もし不安な点があれば、いつでもご相談ください。,,,,
KHQ_Q9,,壮年期,正常,男性,定期的に運動を行っていることは素晴らしい習慣ですので、その調子を維持しながら、さらに運動の頻度や内容を少しずつ見直してみると良いでしょう。もし何か気になることがあれば、ぜひ相談してください。,,,,
KHQ_Q9,,壮年期,正常,女性,定期的に運動を行っていることは素晴らしいことですので、その習慣を維持しながら、さらに運動の頻度や内容を少しずつ増やしてみるのも良いかもしれません。もし何か気になることがあれば、ぜひご相談ください。,,,,
KHQ_Q9,,壮年期,注意,男性,運動を週に1回以上行うことは健康維持に重要ですので、少しずつ運動の頻度を増やしてみることをお勧めします。もし不安な点があれば、ぜひご相談ください。,,,,
KHQ_Q9,,壮年期,注意,女性,運動を週に1回以上行うことができると、健康維持に大いに役立ちますので、ぜひ少しずつでも運動を取り入れてみてください。もし不安なことがあれば、いつでも相談してくださいね。,,,,
KHQ_Q9,,壮年期,改善要,男性,運動を週に1回以上行うことが大切ですので、短時間からでも始めてみると良いでしょう。少しずつ身体を動かす習慣を取り入れ、健康的な生活を目指していきましょう。,,,,
KHQ_Q9,,壮年期,改善要,女性,運動を週に1回以上行うことが難しい状況ですね。まずは短時間から始めて、少しずつ運動の頻度を増やしていくことを目指してみましょう。,,,,
KHQ_Q9,,前期高齢者,正常,男性,定期的に運動を行っていることは素晴らしいことですので、その習慣を維持しながら、さらに運動の頻度や内容を少しずつ増やしてみると、より健康的な生活が送れるかもしれません。もし何か気になることがあれば、ぜひご相談ください。,,,,
KHQ_Q9,,前期高齢者,正常,女性,定期的に運動を行っていることは素晴らしいことですので、その習慣を大切にしながら、さらに運動の頻度や内容を少しずつ見直してみると、より健康的な生活を送ることができるでしょう。もし何か気になることがあれば、ぜひご相談ください。,,,,
KHQ_Q9,,前期高齢者,注意,男性,運動を週に1回以上行うことができていないようですので、まずは短時間から始めてみることをお勧めします。少しずつ身体を動かす習慣を取り入れ、健康維持に繋げていきましょう。,,,,
KHQ_Q9,,前期高齢者,注意,女性,運動を週に1回以上行うことは、健康維持にとても重要ですので、ぜひ少しずつ運動の頻度を増やしてみてください。もし不安なことがあれば、いつでもご相談ください。,,,,
KHQ_Q9,,前期高齢者,改善要,男性,運動を週に1回以上行うことが大切ですので、まずは短い時間からでも始めてみましょう。少しずつ運動の頻度を増やしていくことで、健康維持につながりますので、ぜひご相談ください。,,,,
KHQ_Q9,,前期高齢者,改善要,女性,運動を週に1回以上行うことが大切ですので、短時間からでも始めてみると良いでしょう。もしご不安な点があれば、ぜひご相談ください。,,,,
KHQ_Q9,,後期高齢者,正常,男性,定期的に運動を行っていることは素晴らしいことですので、その習慣を維持しながら、さらに運動の種類や強度を少しずつ増やしてみるのも良いかもしれません。もし何か気になることがあれば、ぜひご相談ください。,,,,
KHQ_Q9,,後期高齢者,正常,女性,定期的に運動を行っていることは素晴らしいことですので、その習慣を維持しながら、さらに運動の種類や頻度を少しずつ増やしてみるのも良いかもしれません。もし何か気になることがあれば、ぜひご相談ください。,,,,
KHQ_Q9,,後期高齢者,注意,男性,運動を週に1回以上行うことができると、健康維持に大変効果的ですので、ぜひ少しずつ運動の頻度を増やしてみてください。もし何か不安なことがあれば、気軽に相談してくださいね。,,,,
KHQ_Q9,,後期高齢者,注意,女性,運動を週に1回以上行うことは、健康維持にとても大切ですので、ぜひ少しずつでも身体を動かす時間を増やしてみてください。もし不安なことがあれば、いつでも相談してくださいね。,,,,
KHQ_Q9,,後期高齢者,改善要,男性,運動を週に1回以上行うことが難しい状況ですね。まずは短時間から始めて、少しずつ運動を増やしていくことを考えてみましょう。,,,,
KHQ_Q9,,後期高齢者,改善要,女性,運動を週に1回以上行うことが大切ですので、ぜひ短時間からでも始めてみてください。もし不安なことがあれば、いつでもご相談ください。,,,,
KHQ_Q10,,青年期,正常,男性,周囲からの物忘れの指摘がないとのことで、素晴らしい状態を維持されていますね。もし気になることがあれば、いつでも相談してください。,,,,
KHQ_Q10,,青年期,正常,女性,周りの方からの指摘がないとのことで、素晴らしい状態を維持されていますね。今後も気になることがあれば、いつでも相談してください。,,,,
KHQ_Q10,,青年期,注意,男性,周りの方から物忘れについて指摘されることがあるとのことですが、これは誰にでも起こり得ることですので、まずは気軽にご相談いただければと思います。日常生活での記録やメモを活用することで、より安心して過ごせるかもしれません。,,,,
KHQ_Q10,,青年期,注意,女性,周りの方から物忘れについて指摘されることがあるとのことですが、これは誰にでも起こりうることですので、まずは気軽にご相談いただければと思います。日常生活でのサポートや工夫を取り入れることで、より快適に過ごせるかもしれません。,,,,
KHQ_Q10,,青年期,改善要,男性,周りの方から物忘れについて指摘されることがあるとのことですが、これは改善の余地があるサインですので、ぜひご自身の状態について相談してみてください。日常生活での記録やメモを活用することで、より安心して過ごせるようになるかもしれません。,,,,
KHQ_Q10,,青年期,改善要,女性,周りの方から物忘れについて指摘されているとのことですが、これは早期の気づきとして大切なサインです。日常生活でのメモやカレンダーの活用を試みるとともに、気になることがあればぜひ相談してくださいね。,,,,
KHQ_Q10,,壮年期,正常,男性,周りからの指摘がないことは素晴らしいことですので、今の調子を維持しながら、日々の健康管理を続けてください。もし気になることがあれば、いつでも相談してくださいね。,,,,
KHQ_Q10,,壮年期,正常,女性,周囲からの指摘がないことは素晴らしいことですので、今の調子を維持しながら、気になることがあればいつでも相談してください。日々の生活を楽しみながら、健康を大切にしてくださいね。,,,,
KHQ_Q10,,壮年期,注意,男性,周囲から物忘れを指摘されることがあるとのことですが、これは軽度認知障害の早期兆候かもしれませんので、ぜひご自身の状態について相談してみてください。また、日常生活でのメモやカレンダーの活用もお勧めです。,,,,
KHQ_Q10,,壮年期,注意,女性,周りの方から物忘れについて指摘されることがあるとのことですが、これは誰にでも起こり得ることですので、まずは日常生活の中でメモを活用するなどの工夫をしてみてください。気になることがあれば、ぜひ専門家に相談してみることをお勧めします。,,,,
KHQ_Q10,,壮年期,改善要,男性,周りの方から物忘れについて指摘されることがあるとのことですが、これは誰にでも起こり得ることですので、まずは日常生活の中でメモを活用するなどの工夫をしてみてはいかがでしょうか。気になることがあれば、ぜひ専門家に相談してみてください。,,,,
KHQ_Q10,,壮年期,改善要,女性,周りの方から物忘れについて指摘されることがあるとのことですが、これは早期のサポートが必要なサインかもしれません。日常生活での記録やメモを活用し、気になることがあればぜひご相談ください。,,,,
KHQ_Q10,,前期高齢者,正常,男性,周りの方から物忘れについて指摘されていないとのことで、素晴らしい状態を維持されていますね。今後も健康を保つために、気になることがあればいつでも相談してください。,,,,
KHQ_Q10,,前期高齢者,正常,女性,周りの方から物忘れについて指摘されていないとのこと、素晴らしいことです。今後も健康を維持するために、気になることがあればいつでも相談してください。,,,,
KHQ_Q10,,前期高齢者,注意,男性,周りの方から物忘れについて指摘されることがあるとのことですが、これは誰にでも起こり得ることですので、まずは日常生活の中でメモを活用するなどの工夫をしてみてください。また、気になることがあれば、ぜひ相談してみてください。,,,,
KHQ_Q10,,前期高齢者,注意,女性,周りの方から物忘れについて指摘されることがあるとのことですが、これは誰にでも起こり得ることですので、まずは気軽にご相談いただければと思います。日常生活の中でメモを活用するなど、少しずつ工夫をしてみるのも良いかもしれません。,,,,
KHQ_Q10,,前期高齢者,改善要,男性,周りの方から物忘れについて指摘されることがあるとのことですが、これは早期のサポートが必要なサインかもしれません。ぜひ、かかりつけ医や信頼できる方に相談し、日常生活をより快適にするための工夫を一緒に考えてみましょう。,,,,
KHQ_Q10,,前期高齢者,改善要,女性,周りの方から物忘れについて指摘されることがあるとのことですが、これは誰にでも起こりうることですので、まずは日常生活での工夫やメモを活用してみてはいかがでしょうか。気になることがあれば、ぜひ専門家に相談してみてください。,,,,
KHQ_Q10,,後期高齢者,正常,男性,周りの方から物忘れについて指摘されていないとのこと、素晴らしいことです。この調子で日々の活動を楽しみながら、何か気になることがあればいつでもご相談ください。,,,,
KHQ_Q10,,後期高齢者,正常,女性,周りの方から物忘れについて指摘されることはないとのことで、素晴らしい状態を維持されていますね。今後も健康を大切にし、気になることがあればいつでも相談してください。,,,,
KHQ_Q10,,後期高齢者,注意,男性,周りの方から物忘れについて指摘されることがあるとのことですが、これは軽度の認知機能の変化を示す可能性がありますので、ぜひご相談を検討してみてください。日常生活の中でメモを活用するなど、少しずつ工夫を取り入れていくことも大切です。,,,,
KHQ_Q10,,後期高齢者,注意,女性,周りの方から物忘れについて指摘されることがあるとのことですが、これは誰にでも起こりうることですので、まずは日常生活の中でメモを活用するなどの工夫をしてみてください。また、気になることがあれば、ぜひご相談ください。,,,,
KHQ_Q10,,後期高齢者,改善要,男性,周りの方から物忘れについて指摘されることがあるとのことですが、これは認知機能の変化を示すサインかもしれません。ぜひ、かかりつけの医師やご家族と相談し、日常生活をより快適にするためのサポートを受けてみてください。,,,,
KHQ_Q10,,後期高齢者,改善要,女性,周りの方から物忘れを指摘されることがあるとのことですが、これは誰にでも起こりうることですので、まずはご自身の気持ちを大切にしながら、必要に応じて専門家に相談してみることをお勧めします。日常生活でのメモやカレンダーの活用も、役立つかもし。,,,,
KHQ_Q11,,青年期,正常,男性,今日が何月何日かわからないことがないとのことで、素晴らしい状態を維持されていますね。もし何か気になることがあれば、いつでも相談してください。,,,,
KHQ_Q11,,青年期,正常,女性,今日が何月何日かわからないことがあるとのことですが、現在の状態は正常ですので、安心してください。もし何か気になることが続くようでしたら、ぜひ相談してみてください。,,,,
KHQ_Q11,,青年期,注意,男性,最近、日付を忘れることがあるとのことですが、これは一時的なものである可能性もあります。もし不安が続くようでしたら、ぜひご相談ください。,,,,
KHQ_Q11,,青年期,注意,女性,最近、日付を忘れることがあるとのことですが、これは一時的なものである可能性もあります。もし気になることが続くようでしたら、ぜひご相談ください。,,,,
KHQ_Q11,,青年期,改善要,男性,最近、日付がわからないことがあるとのことですが、これは一時的なことかもしれません。日常生活の中でカレンダーを活用したり、周囲の方に声をかけてもらうことで改善が期待できますので、何か気になることがあればぜひご相談ください。,,,,
KHQ_Q11,,青年期,改善要,女性,最近、日付がわからなくなることがあるとのことですが、これは一時的なことかもしれません。もし気になるようでしたら、ぜひご相談ください。,,,,
KHQ_Q11,,壮年期,正常,男性,今日が何月何日かわからないことがないとのことで、素晴らしい状態を維持されていますね。引き続き、日常生活を楽しみながら、何か気になることがあればいつでもご相談ください。,,,,
KHQ_Q11,,壮年期,正常,女性,今日が何月何日かわからないことがないとのことで、素晴らしい状態を維持されていますね。もし何か気になることがあれば、いつでもご相談ください。,,,,
KHQ_Q11,,壮年期,注意,男性,最近、日付がわからないことがあるとのことですが、これは一時的なことかもしれません。もし気になるようでしたら、かかりつけ医に相談してみると良いでしょう。,,,,
KHQ_Q11,,壮年期,注意,女性,最近、日付がわからないことがあるとのことですが、これは一時的なことかもしれません。もし気になるようでしたら、ぜひご相談ください。,,,,
KHQ_Q11,,壮年期,改善要,男性,最近、日付がわからないことがあるとのことですが、これは一時的なものである場合もありますので、日常生活の中でカレンダーを活用することをお勧めします。もし不安が続くようでしたら、ぜひ専門家に相談してみてください。,,,,
KHQ_Q11,,壮年期,改善要,女性,最近、日付がわからなくなることがあるとのことですが、日常生活の中でカレンダーを活用するなどの工夫が役立つかもしれません。もし不安が続くようでしたら、ぜひご相談ください。,,,,
KHQ_Q11,,前期高齢者,正常,男性,今日が何月何日かわからないことがないとのことで、素晴らしい状態を維持されていますね。もし何か気になることがあれば、いつでもご相談ください。,,,,
KHQ_Q11,,前期高齢者,正常,女性,今日が何月何日かわからないことがないとのことで、素晴らしい状態を維持されていますね。もし何か気になることがあれば、いつでも相談してください。,,,,
KHQ_Q11,,前期高齢者,注意,男性,最近、日付がわからなくなることがあるとのことですが、これは一時的なことかもしれません。もし気になるようでしたら、身近な方に相談しながら、日常生活のリズムを整えてみると良いでしょう。,,,,
KHQ_Q11,,前期高齢者,注意,女性,最近、日付がわからないことがあるとのことですが、これは時折誰にでも起こることです。もし気になることが続くようでしたら、ぜひご相談ください。,,,,
KHQ_Q11,,前期高齢者,改善要,男性,最近、日付がわからなくなることがあるとのことですが、日常生活に役立つカレンダーや声かけを取り入れることで、少しずつ改善できるかもしれません。もし不安が続くようでしたら、ぜひご相談ください。,,,,
KHQ_Q11,,前期高齢者,改善要,女性,最近、日付がわからなくなることがあるとのことですが、日常生活に役立つカレンダーや声かけを取り入れることで、少しずつ改善できるかもしれません。もし不安が続くようでしたら、ぜひご相談ください。,,,,
KHQ_Q11,,後期高齢者,正常,男性,今日が何月何日かわからないことがないとのことで、素晴らしい状態を維持されていますね。もし何か気になることがあれば、いつでもご相談ください。,,,,
KHQ_Q11,,後期高齢者,正常,女性,今日が何月何日かわからないことがないとのことで、素晴らしい状態を維持されていますね。引き続き、日常生活を楽しみながら、何か気になることがあればいつでもご相談ください。,,,,
KHQ_Q11,,後期高齢者,注意,男性,最近、日付がわからないことがあるとのことですが、これは一時的なことかもしれません。もし不安が続くようでしたら、ぜひご相談ください。,,,,
KHQ_Q11,,後期高齢者,注意,女性,最近、日付がわからないことがあるとのことですが、これは誰にでも起こりうることですので、あまり心配しないでください。もし気になるようでしたら、日常生活の中でカレンダーを活用したり、周囲の方に声をかけてもらうことを試みてください。,,,,
KHQ_Q11,,後期高齢者,改善要,男性,最近、日付がわからないことがあるとのことですが、これは気になるサインかもしれません。日常生活の中でカレンダーを使ったり、周囲の方に声をかけてもらうことで改善が期待できますので、何か気になることがあればぜひご相談ください。,,,,
KHQ_Q11,,後期高齢者,改善要,女性,最近、日付がわからないことがあるとのことですが、これは一時的なことかもしれません。日常生活の中でカレンダーを活用したり、周囲の方に声をかけてもらうことで、少しずつ改善できるかもしれませんので、気になることがあればぜひご相談ください。,,,,
KHQ_Q12,,青年期,正常,男性,喫煙習慣がないことは素晴らしい選択ですので、その健康的なライフスタイルをぜひ維持してください。今後も健康を守るために、何か気になることがあればお気軽にご相談ください。,,,,
KHQ_Q12,,青年期,正常,女性,あなたは現在たばこを吸っていないとのこと、素晴らしい選択です。このまま健康を維持するために、受動喫煙を避けることや、健康的な生活習慣を続けることを心がけてくださいね。,,,,
KHQ_Q12,,青年期,注意,男性,喫煙の習慣があることから、健康リスクを軽減するために禁煙を考えることは大切です。ぜひ、相談を通じてサポートを受けながら、一歩ずつ健康的な生活を目指していきましょう。,,,,
KHQ_Q12,,青年期,注意,女性,喫煙の習慣があることから、健康への影響を考える良い機会です。禁煙についての相談やサポートを受けることで、より健康的な生活を目指す一歩を踏み出しましょう。,,,,
KHQ_Q12,,青年期,改善要,男性,喫煙習慣があることから、健康リスクを軽減するために禁煙を考えてみることをお勧めします。禁煙に向けたサポートもありますので、ぜひ相談してみてください。,,,,
KHQ_Q12,,青年期,改善要,女性,喫煙習慣があることをお知らせいただきありがとうございます。禁煙に向けたサポートが必要でしたら、ぜひご相談ください。,,,,
KHQ_Q12,,壮年期,正常,男性,喫煙をされていないとのことで、健康維持に向けた素晴らしい選択をされていますね。この調子で、受動喫煙にも気を付けながら、引き続き健康的な生活を楽しんでください。,,,,
KHQ_Q12,,壮年期,正常,女性,現在、たばこを吸っていないことは素晴らしい選択です。この調子で健康を維持し、受動喫煙にも注意を払いながら、さらなる健康づくりを楽しんでください。,,,,
KHQ_Q12,,壮年期,注意,男性,喫煙習慣があることから、健康リスクを軽減するために禁煙を考えることが大切です。ぜひ、専門家に相談して、あなたに合ったサポートを受けてみてください。,,,,
KHQ_Q12,,壮年期,注意,女性,現在たばこを吸っているとのことですが、禁煙することで健康リスクを軽減できる可能性がありますので、ぜひ相談してみてください。あなたの健康を守るための一歩を踏み出すことが大切です。,,,,
KHQ_Q12,,壮年期,改善要,男性,喫煙習慣があることから、健康リスクを軽減するために禁煙を考えることをお勧めします。禁煙に向けたサポートを受けることで、より健康的な生活を実現できる可能性がありますので、ぜひご相談ください。,,,,
KHQ_Q12,,壮年期,改善要,女性,喫煙習慣があることから、健康リスクを軽減するために禁煙を考えてみることをお勧めします。もしご相談が必要でしたら、専門の支援機関をご紹介できますので、お気軽にお声がけください。,,,,
KHQ_Q12,,前期高齢者,正常,男性,あなたは現在喫煙されていないとのことで、健康維持に向けた素晴らしい選択をされています。この調子で、受動喫煙にも気を付けながら、引き続き健康的な生活を楽しんでください。,,,,
KHQ_Q12,,前期高齢者,正常,女性,あなたは現在たばこを吸っていないとのこと、素晴らしい選択です。このまま健康的な生活を維持し、受動喫煙にも気を付けて過ごしていきましょう。,,,,
KHQ_Q12,,前期高齢者,注意,男性,喫煙の習慣があることは、健康に影響を与える可能性がありますが、禁煙を考えることで、心臓や肺の健康を改善するチャンスがありますので、ぜひご相談ください。あなたの健康を守るための一歩を踏み出してみましょう。,,,,
KHQ_Q12,,前期高齢者,注意,女性,喫煙についてのご質問にお答えいただきありがとうございます。もし喫煙を続けている場合は、禁煙によって健康が改善される可能性がありますので、ぜひご相談ください。,,,,
KHQ_Q12,,前期高齢者,改善要,男性,喫煙習慣があることから、禁煙を考えることは健康にとって大変重要です。ぜひ、禁煙支援について相談してみてください。,,,,
KHQ_Q12,,前期高齢者,改善要,女性,喫煙習慣があることがわかりましたが、禁煙に向けて一歩踏み出すことで、健康リスクを減らすことができますので、ぜひご相談ください。あなたの健康を守るためのサポートがありますので、一緒に考えていきましょう。,,,,
KHQ_Q12,,後期高齢者,正常,男性,喫煙されていないとのことで、健康維持に向けた素晴らしい選択をされていますね。この調子で、受動喫煙にも気を付けながら、さらなる健康づくりを進めていきましょう。,,,,
KHQ_Q12,,後期高齢者,正常,女性,あなたは現在たばこを吸っていないとのこと、素晴らしい選択です。この調子で健康を維持し、受動喫煙にも気をつけて過ごしていきましょう。,,,,
KHQ_Q12,,後期高齢者,注意,男性,喫煙の習慣があることは、健康に影響を与える可能性がありますが、禁煙を考えることで、心身の健康を改善する第一歩を踏み出すことができます。ぜひ、相談してみることをお勧めします。,,,,
KHQ_Q12,,後期高齢者,注意,女性,喫煙の習慣があることから、健康への影響を考慮し、禁煙に向けたサポートを検討することをお勧めします。少しずつでも行動を見直すことで、より健康的な生活を送ることができますので、ぜひご相談ください。,,,,
KHQ_Q12,,後期高齢者,改善要,男性,喫煙習慣があることは、健康に影響を与える可能性がありますが、禁煙に向けた一歩を踏み出すことで、心身の健康を改善することができますので、ぜひご相談ください。あなたの健康をサポートするための情報や支援をお伝えします。,,,,
KHQ_Q12,,後期高齢者,改善要,女性,喫煙習慣があることが分かりましたが、禁煙に向けたサポートがございますので、ぜひご相談ください。健康を守るための一歩を一緒に考えていきましょう。,,,,
KHQ_Q13,,青年期,正常,男性,週に1回以上外出されているとのことで、素晴らしいですね。この調子で活動を続けて、さらなる充実した日々をお過ごしください。,,,,
KHQ_Q13,,青年期,正常,女性,週に1回以上外出されているとのことで、とても素晴らしいですね。この調子で外出を続けながら、もし何かお困りのことがあればお気軽にご相談ください。,,,,
KHQ_Q13,,青年期,注意,男性,外出頻度が注意レベルにあるため、少しずつ近所を散歩することから始めてみると良いでしょう。もし不安や悩みがあれば、ぜひ相談してくださいね。,,,,
KHQ_Q13,,青年期,注意,女性,外出頻度が注意レベルとのことですが、少しずつ近所を散歩するなど、外に出る機会を増やしてみると良いかもしれません。もし不安なことがあれば、ぜひ相談してくださいね。,,,,
KHQ_Q13,,青年期,改善要,男性,外出頻度が少し改善が必要なようですので、まずは近所を散歩することから始めてみてはいかがでしょうか。少しずつ外の世界に触れることで、心身の健康にもつながりますので、ぜひ楽しんでみてください。,,,,
KHQ_Q13,,青年期,改善要,女性,外出頻度を増やすことは、心身の健康を保つためにとても大切です。近所を散歩することから始めてみるのはいかがでしょうか？少しずつ外の世界に触れることで、気持ちも明るくなるかもしれません。,,,,
KHQ_Q13,,壮年期,正常,男性,週に1回以上外出されているとのことで、素晴らしいですね。この調子で外出を続けながら、もし何か気になることがあれば、ぜひご相談ください。,,,,
KHQ_Q13,,壮年期,正常,女性,週に1回以上外出されているとのことで、素晴らしいですね。この調子で外出を続け、さらなる活動を楽しんでいただければと思います。,,,,
KHQ_Q13,,壮年期,注意,男性,週に1回以上の外出は素晴らしいことですので、その調子を維持してください。もし外出が難しいと感じることがあれば、少しずつ近所を散歩することから始めてみるのも良いかもしれません。,,,,
KHQ_Q13,,壮年期,注意,女性,週に1回以上の外出ができていることは素晴らしいことです。今後もその習慣を大切にし、もし外出が難しいと感じることがあれば、ぜひご相談ください。,,,,
KHQ_Q13,,壮年期,改善要,男性,外出頻度が少し減っているようですので、近所を散歩することから始めてみるのはいかがでしょうか。少しずつ外に出る機会を増やすことで、心身の健康を保つ手助けになりますので、ぜひご相談ください。,,,,
KHQ_Q13,,壮年期,改善要,女性,外出頻度が少ないようですので、近所を散歩することから始めてみるのはいかがでしょうか。少しずつ外に出ることで、心身の健康を保つ手助けになりますので、ぜひご相談ください。,,,,
KHQ_Q13,,前期高齢者,正常,男性,週に1回以上外出されているとのことで、素晴らしいですね。引き続きその習慣を大切にしながら、もし何か気になることがあればお気軽にご相談ください。,,,,
KHQ_Q13,,前期高齢者,正常,女性,週に1回以上外出されているとのことで、とても素晴らしいことです。この調子で外出を続けながら、もし何か気になることがあれば、いつでもご相談ください。,,,,
KHQ_Q13,,前期高齢者,注意,男性,週に1回以上の外出ができていることは素晴らしいことです。今後もその活動を続けながら、もし不安やお困りごとがあれば、ぜひご相談ください。,,,,
KHQ_Q13,,前期高齢者,注意,女性,週に1回以上の外出ができていることは素晴らしいことです。今後もその習慣を大切にしながら、もし外出に不安を感じることがあれば、ぜひご相談ください。,,,,
KHQ_Q13,,前期高齢者,改善要,男性,外出頻度が少ないようですので、まずは近所を15分程度散歩することから始めてみませんか。少しずつ外に出ることで、気分もリフレッシュできるかもしれませんし、何かお困りのことがあればぜひご相談ください。,,,,
KHQ_Q13,,前期高齢者,改善要,女性,外出頻度が少し減っているようですので、近所を散歩することから始めてみるのはいかがでしょうか。少しずつ外に出る機会を増やすことで、心身の健康を保つ手助けになりますので、ぜひご相談ください。,,,,
KHQ_Q13,,後期高齢者,正常,男性,週に1回以上外出されているとのことで、素晴らしいですね。この調子で外出を続け、さらなる活動を楽しんでいただければと思います。,,,,
KHQ_Q13,,後期高齢者,正常,女性,週に1回以上外出されているとのことで、とても素晴らしいですね。この調子で外出を続けて、さらなる交流や活動を楽しんでいただければと思います。,,,,
KHQ_Q13,,後期高齢者,注意,男性,外出頻度が注意レベルとのことですが、少しずつ近所を散歩するなどの活動を取り入れてみると、心身の健康に良い影響が期待できます。何か不安なことがあれば、ぜひご相談ください。,,,,
KHQ_Q13,,後期高齢者,注意,女性,週に1回以上の外出ができていることは素晴らしいことです。今後も安全に外出を続け、地域の活動やお友達との交流を楽しんでくださいね。,,,,
KHQ_Q13,,後期高齢者,改善要,男性,外出の頻度を増やすことは、心身の健康を保つためにとても大切です。少しずつ近所を散歩することから始めてみると良いかもしれませんので、ぜひご相談ください。,,,,
KHQ_Q13,,後期高齢者,改善要,女性,外出頻度が少ないようですので、近所を散歩することから始めてみるのはいかがでしょうか。少しずつ外に出る機会を増やすことで、心身の健康を保つ手助けになりますので、ぜひご相談ください。,,,,
KHQ_Q14,,青年期,正常,男性,家族や友人との交流があることは素晴らしいことですので、その関係を大切にしながら、さらに気分が沈んだ時には気軽に相談できる相手を見つけておくと良いでしょう。これからもそのつながりを大切にし、楽しい時間を増やしていきましょう。,,,,
KHQ_Q14,,青年期,正常,女性,家族や友人との交流があることは素晴らしいことですので、その関係を大切にしながら、さらに気分が沈んだ時には信頼できる人に相談してみるのも良いかもしれません。引き続き、楽しい時間を過ごしてください。,,,,
KHQ_Q14,,青年期,注意,男性,家族や友人との交流が少し気になる状況ですね。ぜひ、週に一度でも電話やメッセージでのやり取りを試みて、心のつながりを深めてみてはいかがでしょうか。,,,,
KHQ_Q14,,青年期,注意,女性,家族や友人との交流が少し気になる状態ですね。無理のない範囲で、週に一度の電話やオンラインでの会話を試みることで、心の健康を保つ手助けになるかもしれません。,,,,
KHQ_Q14,,青年期,改善要,男性,家族や友人との交流が少ないようですので、まずは週に一度、電話やメッセージでの連絡を試みてはいかがでしょうか。小さな一歩が、心の健康や生活の質を向上させる助けになります。,,,,
KHQ_Q14,,青年期,改善要,女性,家族や友人との交流が少ないようですので、まずは週に一度、電話やメッセージでの連絡を試みてみてはいかがでしょうか。気軽にお話しできる相手を見つけることで、心の健康にも良い影響が期待できます。,,,,
KHQ_Q14,,壮年期,正常,男性,家族や友人との交流があることは素晴らしいことですので、その関係を大切にしながら、さらに楽しい時間を増やしてみてはいかがでしょうか。もし何か気になることがあれば、いつでも相談してください。,,,,
KHQ_Q14,,壮年期,正常,女性,家族や友人との交流があることは素晴らしいことですので、その関係を大切にしながら、さらに気分が沈んだ時の相談先や気晴らしの方法を考えてみると良いでしょう。これからもそのつながりを維持し、心身の健康を支えていきましょう。,,,,
KHQ_Q14,,壮年期,注意,男性,家族や友人との交流が少し減っているようですね。気軽に連絡を取り合うことで、心の健康を保つ手助けになりますので、ぜひ週に一度は誰かとお話しする時間を作ってみてください。,,,,
KHQ_Q14,,壮年期,注意,女性,家族や友人との交流が少し減っているようですね。気軽に話せる相手を見つけたり、週に一度の電話をしてみることで、心の健康を保つ手助けになりますので、ぜひ試してみてください。,,,,
KHQ_Q14,,壮年期,改善要,男性,家族や友人との交流が少ないようですので、まずは週に一度、電話やオンラインでの連絡を試みてみてはいかがでしょうか。気軽に相談できる相手を持つことが、心の健康にもつながります。,,,,
KHQ_Q14,,壮年期,改善要,女性,家族や友人との交流が少ないようですので、まずは週に一度、電話やメッセージでの連絡を試みてはいかがでしょうか。気軽に相談できる相手を持つことが、心の健康にもつながります。,,,,
KHQ_Q14,,前期高齢者,正常,男性,家族や友人との交流があることは素晴らしいことですので、そのつながりを大切にしながら、さらに楽しい時間を増やしていけると良いですね。もし何か気になることがあれば、いつでも相談してください。,,,,
KHQ_Q14,,前期高齢者,正常,女性,家族や友人との交流があることは素晴らしいことですので、その関係を大切にしながら、さらに楽しい時間を増やしていけると良いですね。気分が沈むことがあれば、いつでも相談できる相手を思い出してください。,,,,
KHQ_Q14,,前期高齢者,注意,男性,家族や友人との交流があることは素晴らしいことですので、そのつながりを大切にしながら、さらに気軽に連絡を取り合う機会を増やしてみてはいかがでしょうか。もし何かお困りのことがあれば、いつでも相談してくださいね。,,,,
KHQ_Q14,,前期高齢者,注意,女性,家族や友人との交流があることは素晴らしいことですので、そのつながりを大切にしながら、さらに気軽に連絡を取る機会を増やしてみてはいかがでしょうか。もし何かお困りのことがあれば、いつでもご相談ください。,,,,
KHQ_Q14,,前期高齢者,改善要,男性,家族や友人との交流が少ないようですので、まずは週に一度、電話やオンラインでの連絡を試みてみてはいかがでしょうか。気軽に相談できる相手を持つことが、心の健康にもつながります。,,,,
KHQ_Q14,,前期高齢者,改善要,女性,家族や友人との交流が少ないようですので、まずは週に一度、電話やオンラインでの連絡を試みてみてはいかがでしょうか。心の健康を保つためにも、少しずつつながりを増やしていくことが大切です。,,,,
KHQ_Q14,,後期高齢者,正常,男性,家族や友人との交流があることは素晴らしいことですので、その関係を大切にしながら、さらに気軽にお話しできる相手を増やすことも考えてみてください。もし何か気になることがあれば、いつでもご相談ください。,,,,
KHQ_Q14,,後期高齢者,正常,女性,家族や友人との交流があることは素晴らしいことですので、その関係を大切にしながら、さらに楽しい時間を増やしてみてはいかがでしょうか。気分が沈んだ時には、いつでも相談できる相手を思い出してくださいね。,,,,
KHQ_Q14,,後期高齢者,注意,男性,家族や友人との交流が少し減っているようですね。気軽にお話しできる相手を見つけて、週に一度でも電話をかけてみると、心が軽くなるかもしれません。,,,,
KHQ_Q14,,後期高齢者,注意,女性,家族や友人との交流が少し減っているようですね。気軽にお話しできる相手を見つけることから始めてみると、心が軽くなるかもしれません。,,,,
KHQ_Q14,,後期高齢者,改善要,男性,家族や友人との交流が少ないようですので、まずは週に一度、電話やオンラインでの連絡を試みてみてはいかがでしょうか。気軽に相談できる相手を持つことが、心の健康にもつながります。,,,,
KHQ_Q14,,後期高齢者,改善要,女性,家族や友人との交流を増やすことは、心身の健康にとても良い影響を与えますので、ぜひ週に一度でも電話やオンラインでの連絡を試みてみてください。もし何かお困りのことがあれば、気軽にご相談ください。,,,,
KHQ_Q15,,青年期,正常,男性,身近に相談できる人がいることは素晴らしいことですので、その関係を大切にし、必要なときにはぜひ活用してください。また、連絡先を最新の状態に保つことで、さらに安心感が得られます。,,,,
KHQ_Q15,,青年期,正常,女性,身近に相談できる人がいることは素晴らしいことですので、その関係を大切にし、必要なときにはぜひ活用してください。また、連絡先を最新の状態に保つこともお勧めします。,,,,
KHQ_Q15,,青年期,注意,男性,身近に相談できる人がいることは、健康管理や安心感にとても大切ですので、ぜひその関係を大切にし、必要な時には気軽に相談してみてください。もし相談相手がいない場合は、地域の支援機関や友人、家族とのつながりを考えてみることをお勧めします。,,,,
KHQ_Q15,,青年期,注意,女性,身近に相談できる人がいることは、健康を維持するためにとても大切です。もし相談相手がいない場合は、地域の支援窓口や友人、家族と一緒に連絡先を整えることを考えてみてください。,,,,
KHQ_Q15,,青年期,改善要,男性,身近に相談できる人がいないことは、今後の健康管理に影響を与える可能性がありますので、ぜひ信頼できる友人や家族と連絡を取り合い、支え合う環境を整えてみてください。必要に応じて、地域の相談窓口や専門家に相談することも大切です。,,,,
KHQ_Q15,,青年期,改善要,女性,身近に相談できる人がいることは、心の支えとなりますので、ぜひその関係を大切にしてください。また、もし相談相手がいない場合は、地域の支援窓口や友人、家族とのつながりを考えてみると良いでしょう。,,,,
KHQ_Q15,,壮年期,正常,男性,身近に相談できる人がいることは、健康を維持するためにとても大切ですので、その関係を大切にしながら、必要なときにはぜひ相談を活用してください。今後もそのサポートを大切にし、連絡先を最新の状態に保つことをお勧めします。,,,,
KHQ_Q15,,壮年期,正常,女性,身近に相談できる人がいることは素晴らしいことですので、その関係を大切にし、必要なときにはぜひ活用してください。また、連絡先の最新化や緊急時の相談手段を確認しておくと、さらに安心ですね。,,,,
KHQ_Q15,,壮年期,注意,男性,身近に相談できる人がいることは、健康を維持する上でとても大切です。もし相談相手がいない場合は、地域の支援サービスや友人、家族とのつながりを見直してみることをお勧めします。,,,,
KHQ_Q15,,壮年期,注意,女性,身近に相談できる人がいることは、健康を維持するためにとても大切ですので、今後もその関係を大切にし、必要なときには気軽に相談してみてください。また、連絡先を最新の状態に保つこともお勧めします。,,,,
KHQ_Q15,,壮年期,改善要,男性,身近に相談できる人がいない場合、地域の支援ネットワークを整えることが大切です。友人や家族、地域の相談窓口を一緒に考え、安心して相談できる環境を整えていきましょう。,,,,
KHQ_Q15,,壮年期,改善要,女性,身近に相談できる人がいないとのことですが、地域の支援センターやかかりつけ医といった相談先を整えることで、安心感が得られます。ぜひ、信頼できる方との連絡先を見直し、心強いサポートを築いていきましょう。,,,,
KHQ_Q15,,前期高齢者,正常,男性,身近に相談できる人がいることは、健康を維持するための大切な支えですので、その関係を大切にしながら、もし何か不安なことがあれば、気軽に相談してみてください。あなたの健康を守るための一歩として、連絡先を見直しておくのも良いかもしれません。,,,,
KHQ_Q15,,前期高齢者,正常,女性,身近に相談できる人がいることは、とても心強いことです。引き続きその関係を大切にし、必要なときにはぜひ相談を活用してください。,,,,
KHQ_Q15,,前期高齢者,注意,男性,身近に相談できる人がいることは、健康を維持する上で大変重要ですので、その関係を大切にし、必要な時にはぜひ相談してみてください。また、連絡先を整理しておくと、いざという時に安心です。,,,,
KHQ_Q15,,前期高齢者,注意,女性,身近に相談できる人がいることは、健康を維持するためにとても大切です。もし何か不安なことがあれば、ぜひその方に相談してみてくださいね。,,,,
KHQ_Q15,,前期高齢者,改善要,男性,身近に相談できる人がいない場合は、地域の支援ネットワークを整えることが大切です。友人や家族、地域の相談窓口を一緒に考え、安心して相談できる環境を整えていきましょう。,,,,
KHQ_Q15,,前期高齢者,改善要,女性,身近に相談できる人がいることは、健康を維持するためにとても大切です。もし相談相手がいない場合は、地域の支援センターや友人、家族と一緒に連絡先を考えてみると良いでしょう。,,,,
KHQ_Q15,,後期高齢者,正常,男性,身近に相談できる人がいることは素晴らしいことですので、その関係を大切にしながら、連絡先の最新化や緊急時の相談手段を確認しておくと、さらに安心ですね。これからも健康を維持するために、周囲とのつながりを大切にしてください。,,,,
KHQ_Q15,,後期高齢者,正常,女性,身近に相談できる方がいらっしゃることは素晴らしいことですので、その関係を大切にしながら、連絡先の最新化や緊急時の相談手段も確認しておくと安心ですね。これからも健康を維持するために、ぜひ周囲とのつながりを大切にしてください。,,,,
KHQ_Q15,,後期高齢者,注意,男性,身近に相談できる人がいることは、健康を維持するためにとても大切ですので、ぜひその関係を大切にし、必要な時には気軽に相談してみてください。もし相談相手がいない場合は、地域の支援サービスを利用することも検討してみてください。,,,,
KHQ_Q15,,後期高齢者,注意,女性,身近に相談できる人がいることは、とても大切なことですので、その関係を大切にしながら、必要な時にはぜひ相談してみてください。もし相談相手がいない場合は、地域の支援サービスを利用することも検討してみましょう。,,,,
KHQ_Q15,,後期高齢者,改善要,男性,身近に相談できる人がいない場合は、地域の支援ネットワークを整えることが大切です。信頼できる友人や家族、地域の相談窓口を一緒に考えてみましょう。,,,,
KHQ_Q15,,後期高齢者,改善要,女性,身近に相談できる人がいない場合は、地域の支援ネットワークを整えることが大切です。信頼できる友人や家族、地域の相談窓口を一緒に考えてみましょう。,,,,
